891,49ers
995,49ers
996,Bears
892,Bears
997,Bengals
893,Bengals
894,Bills
998,Bills
999,Broncos
895,Broncos
896,Browns
1000,Browns
897,Buccaneers
1001,Buccaneers
898,Cardinals
1002,Cardinals
899,Chargers
1003,Chargers
1004,Chiefs
900,Chiefs
1005,Colts
901,Colts
1006,Commanders
902,Commanders
1007,Cowboys
903,Cowboys
1008,Dolphins
904,Dolphins
1009,Eagles
905,Eagles
1010,Falcons
906,Falcons
1011,Giants
907,Giants
1012,Jaguars
908,Jaguars
909,Jets
1013,Jets
910,Lions
1014,Lions
911,Packers
1015,Packers
912,Panthers
1016,Panthers
913,Patriots
1017,Patriots
1018,Raiders
914,Raiders
1019,Rams
915,Rams
1020,Ravens
916,Ravens
917,Saints
1021,Saints
1022,Seahawks
918,Seahawks
919,Steelers
1023,Steelers
1024,Texans
920,Texans
1025,Titans
921,Titans
922,Vikings
1026,Vikings
